{
  "project_info": {
    "project_number": "937608979059",
    "firebase_url": "https://padang12-3fe7b.firebaseio.com",
    "project_id": "padang12-3fe7b",
    "storage_bucket": "padang12-3fe7b.appspot.com"
  },
  "client": [
    {
      "client_info": {
        "mobilesdk_app_id": "1:937608979059:android:8caad74ae50f9f64648006",
        "android_client_info": {
          "package_name": "com.angkut.padang12"
        }
      },
      "oauth_client": [
        {
          "client_id": "937608979059-0fcj57je5kj0nb16sv9r38msoatob9td.apps.googleusercontent.com",
          "client_type": 3
        }
      ],
      "api_key": [
        {
          "current_key": "AIzaSyC1xhV2dNHda6Jbkgb-6f1EN0jzny9K96c"
        }
      ],
      "services": {
        "appinvite_service": {
          "other_platform_oauth_client": [
            {
              "client_id": "937608979059-0fcj57je5kj0nb16sv9r38msoatob9td.apps.googleusercontent.com",
              "client_type": 3
            }
          ]
        }
      }
    },
    {
      "client_info": {
        "mobilesdk_app_id": "1:937608979059:android:01156c9b619e7281648006",
        "android_client_info": {
          "package_name": "com.angkut.pelangganp12"
        }
      },
      "oauth_client": [
        {
          "client_id": "937608979059-nsrbus1crpbd0p57slf8d63nptud3vm9.apps.googleusercontent.com",
          "client_type": 1,
          "android_info": {
            "package_name": "com.angkut.pelangganp12",
            "certificate_hash": "bb832bd2561a772b5b020be6ebab4fcd01e48fad"
          }
        },
        {
          "client_id": "937608979059-0fcj57je5kj0nb16sv9r38msoatob9td.apps.googleusercontent.com",
          "client_type": 3
        }
      ],
      "api_key": [
        {
          "current_key": "AIzaSyC1xhV2dNHda6Jbkgb-6f1EN0jzny9K96c"
        }
      ],
      "services": {
        "appinvite_service": {
          "other_platform_oauth_client": [
            {
              "client_id": "937608979059-0fcj57je5kj0nb16sv9r38msoatob9td.apps.googleusercontent.com",
              "client_type": 3
            }
          ]
        }
      }
    },
    {
      "client_info": {
        "mobilesdk_app_id": "1:937608979059:android:1d5b2f1d369c8a2d648006",
        "android_client_info": {
          "package_name": "com.taxi.demo"
        }
      },
      "oauth_client": [
        {
          "client_id": "937608979059-0fcj57je5kj0nb16sv9r38msoatob9td.apps.googleusercontent.com",
          "client_type": 3
        }
      ],
      "api_key": [
        {
          "current_key": "AIzaSyC1xhV2dNHda6Jbkgb-6f1EN0jzny9K96c"
        }
      ],
      "services": {
        "appinvite_service": {
          "other_platform_oauth_client": [
            {
              "client_id": "937608979059-0fcj57je5kj0nb16sv9r38msoatob9td.apps.googleusercontent.com",
              "client_type": 3
            }
          ]
        }
      }
    }
  ],
  "configuration_version": "1"
}