{
  "project_info": {
    "project_number": "937608979059",
    "firebase_url": "https://padang12-3fe7b.firebaseio.com",
    "project_id": "padang12-3fe7b",
    "storage_bucket": "padang12-3fe7b.appspot.com"
  },
  "client": [
    {
      "client_info": {
        "mobilesdk_app_id": "1:937608979059:android:23b06674a66f45e0648006",
        "android_client_info": {
          "package_name": "com.angkut.p12"
        }
      },
      "oauth_client": [
        {
          "client_id": "937608979059-0fcj57je5kj0nb16sv9r38msoatob9td.apps.googleusercontent.com",
          "client_type": 3
        }
      ],
      "api_key": [
        {
          "current_key": "AIzaSyC1xhV2dNHda6Jbkgb-6f1EN0jzny9K96c"
        }
      ],
      "services": {
        "appinvite_service": {
          "other_platform_oauth_client": [
            {
              "client_id": "937608979059-0fcj57je5kj0nb16sv9r38msoatob9td.apps.googleusercontent.com",
              "client_type": 3
            }
          ]
        }
      }
    },
    {
      "client_info": {
        "mobilesdk_app_id": "1:937608979059:android:a0fa700ad4c9a8fe648006",
        "android_client_info": {
          "package_name": "com.p12.bang"
        }
      },
      "oauth_client": [
        {
          "client_id": "937608979059-0fcj57je5kj0nb16sv9r38msoatob9td.apps.googleusercontent.com",
          "client_type": 3
        }
      ],
      "api_key": [
        {
          "current_key": "AIzaSyC1xhV2dNHda6Jbkgb-6f1EN0jzny9K96c"
        }
      ],
      "services": {
        "appinvite_service": {
          "other_platform_oauth_client": [
            {
              "client_id": "937608979059-0fcj57je5kj0nb16sv9r38msoatob9td.apps.googleusercontent.com",
              "client_type": 3
            }
          ]
        }
      }
    },
    {
      "client_info": {
        "mobilesdk_app_id": "1:937608979059:android:1d5b2f1d369c8a2d648006",
        "android_client_info": {
          "package_name": "com.taxi.demo"
        }
      },
      "oauth_client": [
        {
          "client_id": "937608979059-0fcj57je5kj0nb16sv9r38msoatob9td.apps.googleusercontent.com",
          "client_type": 3
        }
      ],
      "api_key": [
        {
          "current_key": "AIzaSyC1xhV2dNHda6Jbkgb-6f1EN0jzny9K96c"
        }
      ],
      "services": {
        "appinvite_service": {
          "other_platform_oauth_client": [
            {
              "client_id": "937608979059-0fcj57je5kj0nb16sv9r38msoatob9td.apps.googleusercontent.com",
              "client_type": 3
            }
          ]
        }
      }
    }
  ],
  "configuration_version": "1"
}